Time (seconds),Throughput (requests/second),Average Latency (millisecond),Minimum Latency (millisecond),25th Percentile Latency (millisecond),Median Latency (millisecond),75th Percentile Latency (millisecond),90th Percentile Latency (millisecond),95th Percentile Latency (millisecond),99th Percentile Latency (millisecond),Maximum Latency (millisecond),tp (req/s) scaled
0,16.600,0.747,0.401,0.478,0.559,0.730,1.368,1.767,3.178,3.178,1.338
5,24.600,0.490,0.367,0.436,0.471,0.521,0.588,0.623,0.740,0.967,2.043
10,19.200,0.442,0.326,0.393,0.423,0.444,0.507,0.602,1.617,1.617,2.261
15,18.800,0.429,0.342,0.384,0.412,0.447,0.495,0.585,0.753,0.753,2.329
20,20.200,0.415,0.332,0.379,0.400,0.433,0.489,0.522,0.586,0.689,2.408
25,19.000,0.404,0.332,0.371,0.393,0.422,0.468,0.504,0.657,0.657,2.475
30,22.000,0.403,0.317,0.368,0.389,0.427,0.475,0.502,0.547,0.796,2.478
35,21.400,0.423,0.323,0.372,0.398,0.449,0.509,0.567,0.690,0.922,2.364
40,20.000,0.461,0.331,0.372,0.417,0.474,0.614,0.756,1.389,1.389,2.170
45,19.400,0.395,0.326,0.363,0.389,0.415,0.454,0.484,0.553,0.553,2.529
50,21.400,0.423,0.324,0.369,0.407,0.441,0.512,0.566,0.697,0.808,2.363
55,21.800,0.423,0.333,0.388,0.409,0.443,0.471,0.520,0.788,0.835,2.363
60,18.800,0.437,0.352,0.388,0.438,0.475,0.510,0.536,0.645,0.645,2.287
65,22.200,0.418,0.338,0.380,0.413,0.447,0.474,0.483,0.602,0.690,2.392
70,19.600,0.413,0.323,0.372,0.391,0.429,0.497,0.587,0.793,0.793,2.422
75,23.000,0.389,0.322,0.362,0.380,0.408,0.443,0.471,0.496,0.541,2.571
80,20.800,0.405,0.327,0.375,0.392,0.420,0.458,0.488,0.647,0.729,2.472
85,24.200,0.395,0.332,0.366,0.385,0.420,0.449,0.464,0.487,0.619,2.534
90,20.600,0.416,0.329,0.365,0.395,0.422,0.497,0.532,0.682,1.145,2.403
95,22.200,0.409,0.314,0.368,0.395,0.420,0.460,0.565,0.725,0.774,2.443
100,21.000,0.397,0.326,0.359,0.381,0.409,0.440,0.533,0.664,0.785,2.517
105,18.800,0.419,0.316,0.382,0.413,0.445,0.485,0.517,0.662,0.662,2.389
110,20.400,0.396,0.306,0.363,0.390,0.412,0.470,0.491,0.536,0.631,2.527
115,20.600,0.426,0.323,0.359,0.388,0.427,0.518,0.727,0.971,0.972,2.349
120,21.200,0.403,0.332,0.360,0.391,0.415,0.460,0.486,0.599,1.317,2.480
125,20.000,0.414,0.321,0.369,0.392,0.429,0.497,0.565,0.990,0.990,2.413
130,16.600,0.403,0.334,0.364,0.394,0.431,0.459,0.487,0.592,0.592,2.484
135,16.400,0.427,0.350,0.385,0.411,0.454,0.494,0.546,0.640,0.640,2.344
140,18.800,0.414,0.338,0.374,0.393,0.433,0.501,0.547,0.805,0.805,2.413
145,16.600,0.507,0.320,0.392,0.469,0.565,0.681,0.853,0.983,0.983,1.974
150,20.800,0.414,0.304,0.379,0.407,0.443,0.485,0.491,0.547,0.596,2.416
155,21.600,0.412,0.308,0.368,0.397,0.424,0.480,0.516,0.784,0.821,2.428
160,18.400,0.417,0.330,0.376,0.398,0.440,0.472,0.513,0.863,0.863,2.398
165,23.800,0.420,0.331,0.368,0.398,0.441,0.483,0.557,0.813,1.324,2.383
170,13.800,0.511,0.349,0.443,0.487,0.543,0.685,0.700,0.817,0.817,1.958
175,16.600,0.521,0.324,0.422,0.467,0.526,0.747,0.944,1.569,1.569,1.918
180,15.800,0.462,0.343,0.391,0.433,0.494,0.558,0.775,0.888,0.888,2.164
185,21.800,0.392,0.300,0.360,0.388,0.417,0.440,0.480,0.564,0.567,2.552
190,18.000,0.473,0.334,0.392,0.432,0.482,0.652,0.832,0.959,0.959,2.116
195,18.000,0.400,0.334,0.365,0.390,0.411,0.445,0.518,0.708,0.708,2.499
200,19.600,0.405,0.335,0.369,0.392,0.427,0.491,0.514,0.617,0.617,2.468
205,21.400,0.401,0.331,0.370,0.389,0.418,0.470,0.487,0.585,0.590,2.492
210,18.000,0.397,0.322,0.355,0.391,0.417,0.441,0.454,1.008,1.008,2.516
215,21.200,0.397,0.326,0.365,0.389,0.422,0.457,0.487,0.522,0.530,2.517
220,16.000,0.403,0.324,0.367,0.397,0.432,0.462,0.482,0.618,0.618,2.484
225,19.600,0.474,0.331,0.378,0.420,0.498,0.694,0.836,1.225,1.225,2.111
230,20.000,0.404,0.328,0.375,0.400,0.437,0.464,0.476,0.582,0.582,2.473
235,20.400,0.428,0.323,0.362,0.395,0.472,0.544,0.645,0.706,0.870,2.339
240,20.200,0.402,0.313,0.360,0.390,0.430,0.451,0.480,0.660,0.737,2.489
245,15.600,0.440,0.342,0.398,0.428,0.474,0.501,0.536,0.797,0.797,2.273
250,17.600,0.422,0.326,0.386,0.414,0.443,0.483,0.526,0.707,0.707,2.367
255,22.000,0.411,0.332,0.368,0.390,0.417,0.478,0.524,0.822,1.316,2.432
260,21.600,0.406,0.317,0.366,0.398,0.430,0.482,0.512,0.551,0.559,2.465
265,19.600,0.398,0.336,0.367,0.387,0.419,0.456,0.491,0.540,0.540,2.512
270,18.400,0.449,0.326,0.376,0.420,0.475,0.566,0.763,0.899,0.899,2.228
275,22.800,0.404,0.319,0.369,0.392,0.419,0.463,0.511,0.595,0.615,2.475
280,20.200,0.426,0.323,0.365,0.390,0.442,0.560,0.637,0.739,0.801,2.348
285,22.200,0.401,0.329,0.368,0.389,0.422,0.464,0.491,0.551,0.645,2.492
290,18.000,0.437,0.317,0.365,0.401,0.446,0.584,0.811,0.963,0.963,2.289
295,17.800,0.443,0.318,0.377,0.428,0.465,0.553,0.637,0.911,0.911,2.257
300,23.000,0.400,0.323,0.365,0.386,0.422,0.471,0.493,0.674,0.686,2.497
305,18.200,0.415,0.327,0.366,0.398,0.445,0.486,0.521,0.644,0.644,2.411
310,21.800,0.395,0.310,0.362,0.395,0.422,0.443,0.483,0.501,0.512,2.535
315,20.200,0.406,0.305,0.362,0.389,0.422,0.478,0.537,0.748,0.828,2.462
320,21.000,0.392,0.307,0.359,0.380,0.419,0.445,0.463,0.562,0.568,2.554
325,27.000,0.406,0.312,0.359,0.390,0.423,0.466,0.531,0.745,1.271,2.461
330,21.600,0.417,0.314,0.361,0.397,0.437,0.501,0.609,0.806,0.816,2.399
335,19.200,0.393,0.323,0.359,0.383,0.412,0.437,0.466,0.869,0.869,2.545
340,19.800,0.390,0.308,0.358,0.381,0.414,0.443,0.460,0.670,0.670,2.566
345,20.600,0.429,0.318,0.369,0.396,0.449,0.494,0.548,0.925,1.070,2.332
350,20.200,0.439,0.327,0.372,0.397,0.445,0.533,0.822,0.934,0.963,2.278
355,23.800,0.401,0.315,0.361,0.383,0.416,0.469,0.520,0.735,0.828,2.496
360,23.400,0.484,0.349,0.395,0.420,0.457,0.506,0.554,0.570,6.784,2.064
365,16.400,0.446,0.350,0.395,0.433,0.486,0.526,0.538,0.725,0.725,2.243
370,22.000,0.388,0.321,0.352,0.373,0.410,0.447,0.484,0.621,0.650,2.577
375,23.000,0.409,0.327,0.360,0.380,0.406,0.437,0.469,0.546,2.952,2.444
380,23.200,0.419,0.324,0.361,0.394,0.461,0.534,0.570,0.624,0.950,2.387
385,20.600,0.407,0.321,0.366,0.393,0.435,0.474,0.493,0.581,0.689,2.458
390,23.400,0.401,0.314,0.354,0.386,0.414,0.455,0.518,0.641,1.349,2.492
395,17.400,0.399,0.332,0.360,0.390,0.417,0.459,0.487,0.585,0.585,2.509
400,18.600,0.412,0.321,0.363,0.403,0.442,0.491,0.525,0.818,0.818,2.424
405,18.200,0.453,0.343,0.389,0.407,0.459,0.592,0.696,1.283,1.283,2.207
410,19.800,0.398,0.325,0.365,0.392,0.417,0.451,0.480,0.598,0.598,2.516
415,19.800,0.406,0.332,0.370,0.400,0.430,0.473,0.493,0.590,0.590,2.462
420,20.400,0.401,0.327,0.369,0.394,0.424,0.462,0.484,0.557,0.610,2.492
425,23.000,0.392,0.310,0.363,0.385,0.410,0.431,0.452,0.608,0.737,2.553
430,20.400,0.440,0.319,0.367,0.407,0.473,0.544,0.700,0.834,0.933,2.273
435,21.400,0.398,0.331,0.363,0.392,0.416,0.438,0.456,0.634,0.704,2.512
440,19.800,0.397,0.323,0.362,0.385,0.416,0.440,0.479,0.803,0.803,2.520
445,20.600,0.402,0.320,0.365,0.391,0.421,0.442,0.492,0.720,0.755,2.490
450,26.000,0.395,0.323,0.358,0.379,0.418,0.440,0.468,0.721,0.754,2.535
455,17.800,0.397,0.307,0.370,0.397,0.422,0.447,0.465,0.492,0.492,2.516
460,23.200,0.400,0.309,0.359,0.382,0.419,0.456,0.487,0.515,1.439,2.500
465,21.600,0.392,0.320,0.356,0.385,0.416,0.467,0.517,0.531,0.553,2.549
470,19.200,0.394,0.325,0.365,0.389,0.416,0.444,0.477,0.561,0.561,2.539
475,18.200,0.391,0.318,0.361,0.382,0.421,0.441,0.467,0.518,0.518,2.559
480,18.200,0.396,0.317,0.358,0.377,0.416,0.446,0.514,0.750,0.750,2.523
485,20.000,0.384,0.318,0.350,0.376,0.400,0.427,0.490,0.731,0.731,2.603
490,21.200,0.388,0.314,0.355,0.381,0.410,0.442,0.473,0.558,0.590,2.578
495,18.000,0.404,0.328,0.359,0.397,0.442,0.460,0.524,0.602,0.602,2.474
500,23.000,0.418,0.337,0.375,0.412,0.452,0.480,0.506,0.560,0.589,2.393
505,19.600,0.444,0.330,0.401,0.428,0.459,0.497,0.550,1.324,1.324,2.251
510,23.600,0.409,0.316,0.368,0.390,0.423,0.478,0.542,0.730,0.783,2.443
515,21.000,0.408,0.318,0.369,0.397,0.430,0.462,0.518,0.684,0.779,2.448
520,18.400,0.468,0.334,0.372,0.433,0.487,0.687,0.842,0.901,0.901,2.137
525,22.800,0.413,0.330,0.374,0.400,0.438,0.489,0.538,0.593,0.664,2.422
530,20.200,0.416,0.336,0.374,0.403,0.438,0.472,0.496,0.688,0.854,2.404
535,18.400,0.452,0.329,0.366,0.418,0.482,0.634,0.721,0.804,0.804,2.212
540,18.400,0.418,0.316,0.363,0.398,0.441,0.504,0.595,0.760,0.760,2.395
545,21.600,0.411,0.330,0.367,0.392,0.436,0.507,0.530,0.709,0.745,2.432
550,21.000,0.445,0.316,0.372,0.407,0.465,0.573,0.689,0.922,1.032,2.248
555,15.400,0.482,0.344,0.391,0.426,0.516,0.698,0.834,0.983,0.983,2.076
560,18.000,0.394,0.324,0.367,0.388,0.415,0.452,0.456,0.550,0.550,2.540
565,23.000,0.386,0.323,0.352,0.378,0.412,0.448,0.462,0.511,0.538,2.588
570,18.800,0.409,0.318,0.366,0.392,0.431,0.485,0.512,0.757,0.757,2.447
575,20.400,0.400,0.324,0.358,0.392,0.427,0.467,0.509,0.597,0.597,2.497
580,18.400,0.432,0.323,0.363,0.387,0.418,0.522,0.876,1.509,1.509,2.316
585,20.400,0.431,0.324,0.379,0.419,0.464,0.524,0.577,0.670,0.740,2.320
590,17.200,0.428,0.329,0.366,0.401,0.451,0.500,0.548,1.394,1.394,2.337
595,20.600,0.393,0.313,0.355,0.384,0.420,0.447,0.453,0.564,0.753,2.544
600,23.600,0.403,0.327,0.356,0.396,0.431,0.490,0.538,0.605,0.719,2.478
605,17.600,0.407,0.327,0.365,0.389,0.429,0.473,0.497,0.793,0.793,2.459
610,20.200,0.377,0.302,0.345,0.365,0.399,0.432,0.458,0.509,0.513,2.653
615,22.200,0.459,0.319,0.374,0.424,0.472,0.579,0.837,0.985,1.279,2.176
620,18.600,0.398,0.313,0.351,0.386,0.431,0.475,0.505,0.662,0.662,2.514
625,22.000,0.377,0.297,0.341,0.364,0.407,0.445,0.455,0.481,0.516,2.653
630,20.800,0.380,0.288,0.342,0.365,0.398,0.445,0.457,0.649,0.664,2.635
635,15.800,0.445,0.290,0.348,0.416,0.467,0.697,0.773,0.955,0.955,2.246
640,19.000,0.380,0.319,0.345,0.377,0.404,0.425,0.460,0.579,0.579,2.632
645,22.400,0.402,0.314,0.357,0.392,0.430,0.479,0.517,0.629,0.739,2.487
650,26.000,0.370,0.296,0.336,0.359,0.393,0.422,0.442,0.559,0.682,2.706
655,23.000,0.376,0.315,0.342,0.367,0.397,0.439,0.467,0.525,0.581,2.657
660,19.400,0.414,0.303,0.344,0.373,0.435,0.577,0.672,1.026,1.026,2.413
665,20.800,0.432,0.309,0.375,0.439,0.473,0.514,0.528,0.570,0.663,2.317
670,19.200,0.371,0.296,0.333,0.361,0.390,0.434,0.472,0.536,0.536,2.693
675,16.600,0.367,0.287,0.332,0.360,0.393,0.425,0.465,0.518,0.518,2.722
680,18.000,0.370,0.293,0.344,0.365,0.388,0.423,0.431,0.641,0.641,2.704
685,22.600,0.368,0.306,0.339,0.363,0.386,0.425,0.441,0.470,0.516,2.715
690,24.000,0.364,0.304,0.333,0.356,0.386,0.411,0.455,0.510,0.565,2.745
695,20.400,0.385,0.304,0.339,0.368,0.401,0.440,0.483,0.781,0.845,2.598
700,18.000,0.372,0.310,0.344,0.358,0.384,0.437,0.470,0.582,0.582,2.686
705,15.000,0.440,0.313,0.351,0.405,0.472,0.603,0.761,0.938,0.938,2.274
710,19.200,0.432,0.310,0.355,0.407,0.465,0.555,0.729,0.905,0.905,2.316
715,19.400,0.380,0.299,0.341,0.369,0.400,0.446,0.471,0.624,0.624,2.629
720,17.600,0.399,0.313,0.355,0.387,0.427,0.478,0.512,0.571,0.571,2.506
725,18.400,0.383,0.311,0.346,0.369,0.402,0.453,0.480,0.720,0.720,2.611
730,23.000,0.368,0.304,0.342,0.361,0.386,0.423,0.432,0.471,0.530,2.717
735,25.000,0.376,0.288,0.339,0.367,0.399,0.429,0.452,0.693,0.754,2.659
740,19.600,0.366,0.306,0.332,0.348,0.384,0.419,0.483,0.724,0.724,2.732
745,17.600,0.442,0.314,0.355,0.428,0.482,0.547,0.625,0.887,0.887,2.263
750,19.000,0.420,0.307,0.350,0.384,0.479,0.524,0.594,0.764,0.764,2.378
755,19.000,0.392,0.317,0.352,0.375,0.419,0.472,0.515,0.671,0.671,2.549
760,23.000,0.381,0.303,0.341,0.372,0.397,0.446,0.473,0.651,0.683,2.624
765,23.400,0.387,0.305,0.347,0.375,0.410,0.446,0.486,0.613,0.662,2.585
770,21.200,0.388,0.326,0.356,0.381,0.411,0.429,0.486,0.511,0.516,2.579
775,20.600,0.395,0.319,0.352,0.382,0.416,0.472,0.503,0.592,0.818,2.532
780,19.600,0.399,0.319,0.350,0.382,0.424,0.477,0.511,0.717,0.717,2.507
785,16.400,0.447,0.327,0.378,0.426,0.480,0.536,0.698,0.957,0.957,2.235
790,21.600,0.384,0.323,0.347,0.371,0.411,0.451,0.463,0.572,0.573,2.605
795,22.800,0.415,0.312,0.360,0.405,0.448,0.497,0.556,0.669,0.700,2.412
800,19.000,0.394,0.318,0.357,0.383,0.430,0.453,0.469,0.516,0.516,2.539
805,22.400,0.395,0.327,0.363,0.387,0.417,0.461,0.470,0.509,0.524,2.533
810,23.200,0.389,0.320,0.352,0.377,0.415,0.451,0.497,0.570,0.596,2.572
815,20.400,0.400,0.322,0.357,0.389,0.421,0.439,0.478,0.524,1.258,2.500
820,21.200,0.404,0.320,0.363,0.392,0.426,0.465,0.505,0.592,0.786,2.475
825,22.000,0.403,0.331,0.360,0.388,0.415,0.467,0.545,0.678,0.705,2.481
830,22.600,0.407,0.319,0.364,0.390,0.423,0.497,0.555,0.606,0.677,2.460
835,24.600,0.390,0.326,0.357,0.379,0.409,0.449,0.520,0.567,0.601,2.562
840,22.200,0.388,0.323,0.354,0.376,0.412,0.432,0.482,0.573,0.653,2.575
845,20.200,0.397,0.327,0.358,0.386,0.414,0.444,0.484,0.553,0.886,2.519
850,24.600,0.397,0.326,0.364,0.384,0.420,0.444,0.459,0.763,0.776,2.522
855,21.200,0.404,0.333,0.366,0.394,0.424,0.459,0.486,0.732,0.793,2.478
860,18.200,0.409,0.324,0.368,0.391,0.428,0.493,0.556,0.691,0.691,2.445
865,18.000,0.405,0.321,0.361,0.385,0.421,0.462,0.628,0.810,0.810,2.466
870,20.200,0.411,0.317,0.371,0.395,0.429,0.490,0.539,0.614,0.640,2.435
875,19.400,0.423,0.333,0.380,0.414,0.453,0.519,0.540,0.654,0.654,2.363
880,19.800,0.407,0.332,0.372,0.391,0.429,0.453,0.484,0.864,0.864,2.454
885,19.200,0.464,0.348,0.384,0.424,0.468,0.656,0.810,1.418,1.418,2.156
890,17.800,0.397,0.335,0.360,0.396,0.421,0.450,0.474,0.526,0.526,2.517
895,21.200,0.391,0.318,0.358,0.382,0.408,0.438,0.459,0.618,0.734,2.559
900,14.800,0.443,0.327,0.391,0.431,0.485,0.534,0.597,0.772,0.772,2.259
905,19.600,0.401,0.322,0.355,0.389,0.419,0.487,0.538,0.651,0.651,2.495
910,22.200,0.385,0.314,0.358,0.378,0.405,0.441,0.465,0.527,0.550,2.594
915,18.800,0.461,0.325,0.378,0.412,0.483,0.700,0.723,0.876,0.876,2.170
920,17.200,0.419,0.333,0.372,0.408,0.447,0.513,0.553,0.691,0.691,2.385
925,24.800,0.400,0.319,0.364,0.394,0.426,0.457,0.480,0.542,0.790,2.497
930,20.800,0.419,0.336,0.371,0.396,0.425,0.452,0.539,1.147,1.310,2.387
935,20.000,0.399,0.319,0.365,0.389,0.421,0.456,0.490,0.791,0.791,2.503
940,17.600,0.464,0.322,0.366,0.416,0.493,0.617,0.685,1.318,1.318,2.154
945,18.800,0.405,0.332,0.372,0.389,0.425,0.470,0.522,0.602,0.602,2.467
950,21.600,0.396,0.329,0.362,0.389,0.411,0.447,0.474,0.617,0.752,2.524
955,19.800,0.386,0.330,0.359,0.376,0.413,0.439,0.464,0.533,0.533,2.588
960,16.800,0.451,0.322,0.374,0.406,0.480,0.582,0.805,0.980,0.980,2.217
965,21.400,0.386,0.322,0.357,0.377,0.404,0.440,0.453,0.480,0.607,2.594
970,19.600,0.403,0.315,0.358,0.389,0.422,0.496,0.542,0.677,0.677,2.481
975,17.200,0.390,0.321,0.359,0.386,0.413,0.439,0.478,0.540,0.540,2.562
980,23.600,0.391,0.328,0.355,0.390,0.415,0.447,0.496,0.533,0.545,2.558
985,21.400,0.402,0.314,0.362,0.391,0.421,0.458,0.505,0.727,0.746,2.488
990,17.800,0.458,0.316,0.376,0.421,0.491,0.583,0.722,1.022,1.022,2.182
995,21.800,0.408,0.318,0.368,0.393,0.431,0.494,0.508,0.603,0.876,2.452
1000,20.800,0.402,0.318,0.365,0.390,0.432,0.461,0.485,0.553,0.599,2.490
1005,16.800,0.450,0.321,0.377,0.425,0.495,0.575,0.602,0.904,0.904,2.224
1010,16.000,0.453,0.325,0.370,0.416,0.475,0.622,0.782,0.939,0.939,2.209
1015,22.600,0.405,0.319,0.361,0.389,0.435,0.474,0.516,0.578,0.811,2.471
1020,22.800,0.396,0.317,0.354,0.386,0.415,0.473,0.526,0.675,0.686,2.523
1025,22.200,0.435,0.316,0.372,0.410,0.463,0.555,0.662,0.764,0.856,2.300
1030,21.200,0.397,0.326,0.364,0.387,0.420,0.452,0.481,0.540,0.555,2.517
1035,19.000,0.404,0.318,0.363,0.392,0.432,0.466,0.521,0.703,0.703,2.473
1040,16.600,0.398,0.327,0.368,0.389,0.419,0.446,0.460,0.616,0.616,2.511
1045,23.600,0.395,0.328,0.360,0.384,0.426,0.459,0.487,0.549,0.564,2.530
1050,22.000,0.392,0.303,0.363,0.384,0.416,0.449,0.479,0.495,0.563,2.548
1055,21.200,0.407,0.305,0.359,0.377,0.425,0.509,0.568,0.831,0.888,2.458
1060,22.000,0.392,0.317,0.358,0.380,0.420,0.461,0.485,0.551,0.564,2.550
1065,20.200,0.402,0.327,0.362,0.386,0.423,0.479,0.499,0.554,0.755,2.487
1070,15.200,0.399,0.340,0.371,0.396,0.420,0.450,0.483,0.581,0.581,2.506
1075,20.800,0.388,0.302,0.353,0.374,0.412,0.432,0.466,0.542,0.835,2.579
1080,20.800,0.396,0.327,0.358,0.382,0.416,0.464,0.483,0.604,0.682,2.523
1085,21.600,0.390,0.333,0.364,0.378,0.404,0.453,0.481,0.535,0.537,2.566
1090,21.800,0.405,0.311,0.360,0.379,0.418,0.461,0.587,0.798,0.829,2.468
1095,24.200,0.400,0.320,0.359,0.380,0.420,0.466,0.502,0.716,0.867,2.497
1100,20.800,0.398,0.308,0.358,0.384,0.424,0.454,0.525,0.599,0.628,2.511
1105,14.800,0.390,0.315,0.358,0.383,0.421,0.449,0.460,0.510,0.510,2.562
1110,17.000,0.444,0.328,0.367,0.397,0.474,0.615,0.755,0.881,0.881,2.254
1115,17.600,0.389,0.328,0.356,0.378,0.410,0.444,0.475,0.746,0.746,2.572
1120,19.400,0.376,0.322,0.347,0.369,0.389,0.436,0.457,0.515,0.515,2.661
1125,19.600,0.397,0.306,0.359,0.383,0.425,0.466,0.518,0.740,0.740,2.520
1130,22.000,0.384,0.313,0.350,0.377,0.402,0.428,0.459,0.632,0.653,2.604
1135,17.600,0.390,0.321,0.351,0.376,0.405,0.463,0.519,0.679,0.679,2.567
1140,21.600,0.391,0.311,0.351,0.379,0.413,0.446,0.509,0.665,0.710,2.560
1145,22.400,0.382,0.311,0.351,0.372,0.404,0.444,0.483,0.526,0.559,2.618
1150,22.000,0.386,0.324,0.354,0.377,0.402,0.446,0.488,0.528,0.547,2.590
1155,20.000,0.385,0.311,0.358,0.383,0.409,0.434,0.442,0.458,0.458,2.600
1160,21.000,0.383,0.312,0.345,0.375,0.407,0.440,0.455,0.593,0.749,2.608
1165,21.800,0.380,0.287,0.339,0.362,0.394,0.436,0.489,0.623,1.215,2.629
1170,23.200,0.381,0.312,0.345,0.374,0.408,0.450,0.479,0.513,0.609,2.622
1175,18.600,0.366,0.304,0.335,0.353,0.382,0.428,0.462,0.522,0.522,2.735
1180,18.400,0.460,0.323,0.377,0.436,0.494,0.599,0.765,0.920,0.920,2.173
1185,17.000,0.477,0.314,0.387,0.457,0.520,0.665,0.712,0.965,0.965,2.098
1190,19.400,0.464,0.335,0.390,0.444,0.506,0.554,0.643,0.833,0.833,2.154
1195,26.000,0.397,0.323,0.357,0.386,0.420,0.460,0.476,0.518,0.743,2.522
1200,21.800,0.404,0.299,0.355,0.379,0.412,0.452,0.570,0.823,1.329,2.475
1205,20.600,0.392,0.325,0.360,0.384,0.418,0.448,0.473,0.512,0.525,2.554
1210,19.000,0.397,0.326,0.355,0.374,0.414,0.469,0.533,0.686,0.686,2.518
1215,23.400,0.397,0.322,0.359,0.378,0.419,0.458,0.526,0.708,0.774,2.518
1220,19.800,0.414,0.329,0.372,0.401,0.453,0.488,0.504,0.701,0.701,2.417
1225,21.200,0.393,0.318,0.352,0.384,0.413,0.439,0.469,0.718,0.757,2.542
1230,19.200,0.397,0.302,0.356,0.388,0.430,0.461,0.482,0.596,0.596,2.520
1235,20.600,0.392,0.310,0.360,0.379,0.404,0.448,0.469,0.576,0.718,2.551
1240,21.000,0.403,0.314,0.352,0.384,0.417,0.461,0.530,0.728,1.292,2.484
1245,20.000,0.402,0.307,0.360,0.384,0.413,0.479,0.505,0.783,0.783,2.488
1250,17.800,0.415,0.311,0.355,0.405,0.464,0.518,0.548,0.632,0.632,2.411
1255,16.000,0.408,0.315,0.358,0.382,0.425,0.463,0.539,1.319,1.319,2.453
1260,21.600,0.388,0.311,0.357,0.379,0.413,0.441,0.467,0.526,0.561,2.579
1265,22.800,0.408,0.330,0.361,0.386,0.423,0.459,0.546,0.657,1.298,2.453
1270,19.200,0.390,0.317,0.358,0.374,0.410,0.447,0.481,0.699,0.699,2.561
1275,22.600,0.401,0.308,0.365,0.390,0.421,0.455,0.517,0.633,0.748,2.497
1280,18.800,0.406,0.327,0.367,0.389,0.427,0.455,0.507,0.708,0.708,2.464
1285,18.600,0.402,0.330,0.369,0.392,0.418,0.460,0.508,0.529,0.529,2.490
1290,17.200,0.426,0.316,0.365,0.395,0.455,0.529,0.620,1.036,1.036,2.350
1295,17.400,0.388,0.325,0.350,0.378,0.420,0.467,0.482,0.508,0.508,2.575
1300,19.200,0.374,0.314,0.349,0.363,0.387,0.425,0.477,0.527,0.527,2.672
1305,23.400,0.401,0.322,0.358,0.386,0.417,0.481,0.553,0.669,0.708,2.495
1310,15.600,0.386,0.320,0.355,0.384,0.408,0.444,0.458,0.538,0.538,2.588
1315,18.000,0.558,0.308,0.355,0.387,0.423,0.476,0.511,14.806,14.806,1.792
1320,16.600,0.442,0.314,0.394,0.438,0.483,0.516,0.543,0.672,0.672,2.264
1325,17.200,0.454,0.318,0.413,0.460,0.495,0.526,0.556,0.605,0.605,2.202
1330,18.400,0.390,0.316,0.354,0.383,0.419,0.441,0.481,0.610,0.610,2.565
1335,20.400,0.376,0.302,0.343,0.368,0.394,0.433,0.459,0.546,0.714,2.656
1340,22.800,0.379,0.291,0.348,0.364,0.405,0.430,0.480,0.600,0.691,2.639
1345,17.600,0.469,0.317,0.374,0.426,0.514,0.623,0.867,1.030,1.030,2.132
1350,20.400,0.428,0.324,0.357,0.399,0.462,0.541,0.591,0.779,0.952,2.339
1355,23.600,0.387,0.303,0.350,0.372,0.413,0.455,0.500,0.565,0.577,2.586
1360,20.600,0.397,0.317,0.347,0.379,0.433,0.479,0.519,0.580,0.698,2.519
1365,20.000,0.406,0.320,0.354,0.389,0.428,0.492,0.658,0.705,0.705,2.463
1370,22.600,0.369,0.303,0.341,0.359,0.378,0.424,0.466,0.495,0.529,2.711
1375,17.000,0.469,0.330,0.391,0.429,0.480,0.624,0.786,1.284,1.284,2.133
1380,20.200,0.385,0.325,0.353,0.379,0.398,0.433,0.443,0.584,0.660,2.598
1385,15.400,0.398,0.322,0.348,0.373,0.400,0.539,0.615,0.899,0.899,2.514
1390,16.400,0.422,0.327,0.356,0.396,0.455,0.531,0.601,0.706,0.706,2.372
1395,17.000,0.428,0.317,0.347,0.374,0.410,0.583,0.832,1.280,1.280,2.337
1400,20.800,0.427,0.323,0.354,0.400,0.465,0.515,0.688,0.804,0.814,2.340
1405,21.600,0.385,0.325,0.351,0.373,0.407,0.441,0.486,0.553,0.557,2.598
1410,25.200,0.390,0.313,0.351,0.370,0.411,0.442,0.487,0.745,0.876,2.567
1415,18.600,0.399,0.316,0.345,0.374,0.408,0.441,0.466,1.347,1.347,2.507
1420,20.400,0.390,0.303,0.348,0.380,0.417,0.449,0.507,0.531,0.667,2.567
1425,24.000,0.388,0.313,0.357,0.376,0.414,0.452,0.461,0.515,0.563,2.577
1430,15.600,0.482,0.313,0.370,0.424,0.550,0.754,0.803,0.956,0.956,2.075
1435,18.400,0.381,0.314,0.350,0.376,0.405,0.425,0.444,0.653,0.653,2.622
1440,18.000,0.468,0.320,0.362,0.424,0.491,0.724,0.843,0.933,0.933,2.135
1445,17.800,0.379,0.312,0.348,0.369,0.400,0.433,0.454,0.586,0.586,2.638
1450,19.000,0.387,0.320,0.349,0.379,0.411,0.442,0.492,0.572,0.572,2.582
1455,18.200,0.459,0.310,0.368,0.416,0.497,0.698,0.785,0.911,0.911,2.180
1460,25.400,0.393,0.317,0.350,0.368,0.405,0.452,0.538,0.761,0.778,2.548
1465,17.400,0.449,0.317,0.359,0.426,0.475,0.634,0.696,1.057,1.057,2.226
1470,17.800,0.444,0.331,0.375,0.418,0.488,0.540,0.715,0.811,0.811,2.254
1475,18.000,0.470,0.324,0.365,0.417,0.487,0.770,0.849,1.368,1.368,2.129
1480,20.800,0.385,0.317,0.349,0.375,0.407,0.438,0.476,0.526,0.705,2.599
1485,21.000,0.396,0.316,0.358,0.387,0.424,0.451,0.474,0.581,0.586,2.523
1490,17.800,0.514,0.325,0.421,0.488,0.576,0.686,0.762,0.979,0.979,1.944
1495,20.200,0.397,0.316,0.358,0.383,0.410,0.471,0.497,0.684,0.735,2.519
1500,22.800,0.379,0.312,0.349,0.368,0.399,0.424,0.452,0.571,0.637,2.637
1505,17.800,0.489,0.315,0.366,0.415,0.498,0.750,0.923,1.728,1.728,2.043
1510,20.200,0.380,0.315,0.348,0.372,0.403,0.431,0.439,0.489,0.588,2.632
1515,20.200,0.452,0.316,0.369,0.416,0.478,0.578,0.598,1.309,1.355,2.214
1520,18.600,0.480,0.322,0.377,0.415,0.492,0.698,0.889,1.518,1.518,2.085
1525,21.600,0.411,0.320,0.362,0.393,0.432,0.494,0.539,0.713,1.063,2.435
1530,19.600,0.428,0.310,0.358,0.374,0.404,0.475,0.511,4.129,4.129,2.337
1535,20.600,0.396,0.328,0.360,0.377,0.412,0.454,0.520,0.662,0.830,2.526
1540,20.200,0.382,0.321,0.356,0.373,0.398,0.430,0.455,0.534,0.632,2.615
1545,24.800,0.411,0.320,0.371,0.396,0.423,0.460,0.490,0.780,1.375,2.435
1550,19.800,0.423,0.330,0.371,0.390,0.426,0.501,0.578,1.241,1.241,2.366
1555,18.200,0.417,0.326,0.379,0.401,0.441,0.498,0.549,0.611,0.611,2.398
1560,18.800,0.407,0.338,0.369,0.393,0.428,0.472,0.522,0.718,0.718,2.456
1565,21.000,0.403,0.312,0.366,0.395,0.427,0.459,0.487,0.618,0.734,2.479
1570,19.600,0.399,0.332,0.364,0.393,0.417,0.450,0.504,0.686,0.686,2.509
1575,19.200,0.396,0.337,0.366,0.387,0.415,0.459,0.484,0.653,0.653,2.523
1580,21.000,0.429,0.330,0.377,0.409,0.458,0.518,0.583,0.646,0.795,2.330
1585,19.200,0.403,0.327,0.377,0.396,0.417,0.457,0.501,0.604,0.604,2.483
1590,21.000,0.416,0.327,0.379,0.399,0.429,0.464,0.569,0.735,0.777,2.405
1595,20.600,0.426,0.329,0.372,0.404,0.469,0.516,0.524,0.763,0.822,2.347
1600,19.800,0.395,0.333,0.363,0.387,0.419,0.452,0.472,0.550,0.550,2.532
1605,18.000,0.515,0.327,0.409,0.483,0.581,0.752,0.849,0.908,0.908,1.941
1610,23.200,0.439,0.336,0.389,0.418,0.464,0.521,0.558,0.814,1.258,2.280
1615,19.800,0.402,0.324,0.370,0.394,0.416,0.447,0.486,0.618,0.618,2.490
1620,12.600,0.455,0.341,0.370,0.426,0.467,0.608,0.712,1.109,1.109,2.199
1625,19.200,0.422,0.319,0.368,0.398,0.450,0.511,0.641,0.772,0.772,2.371
1630,23.000,0.404,0.317,0.360,0.383,0.437,0.490,0.513,0.628,0.666,2.472
1635,21.600,0.380,0.326,0.358,0.373,0.397,0.420,0.443,0.574,0.584,2.629
1640,22.000,0.387,0.318,0.361,0.377,0.405,0.450,0.473,0.504,0.578,2.581
1645,18.600,0.389,0.315,0.361,0.380,0.405,0.430,0.466,0.772,0.772,2.568
1650,20.200,0.386,0.307,0.356,0.374,0.402,0.448,0.492,0.528,0.534,2.594
1655,19.400,0.420,0.328,0.374,0.404,0.455,0.513,0.546,0.659,0.659,2.383
1660,21.800,0.393,0.324,0.365,0.386,0.408,0.447,0.471,0.534,0.571,2.547
1665,22.200,0.415,0.332,0.373,0.399,0.439,0.487,0.530,0.671,0.765,2.410
1670,18.400,0.435,0.326,0.365,0.391,0.460,0.601,0.690,0.868,0.868,2.298
1675,24.200,0.392,0.311,0.358,0.383,0.406,0.433,0.446,0.741,0.842,2.550
1680,22.000,0.389,0.318,0.355,0.379,0.408,0.435,0.472,0.696,0.719,2.571
1685,23.000,0.393,0.330,0.361,0.388,0.410,0.435,0.503,0.535,0.746,2.542
1690,20.400,0.396,0.313,0.364,0.385,0.409,0.441,0.465,0.634,0.794,2.523
1695,19.200,0.387,0.317,0.354,0.377,0.405,0.453,0.469,0.598,0.598,2.584
1700,19.200,0.390,0.337,0.363,0.386,0.409,0.432,0.449,0.526,0.526,2.567
1705,22.000,0.395,0.318,0.362,0.386,0.415,0.456,0.487,0.534,0.599,2.530
1710,17.800,0.424,0.331,0.364,0.395,0.428,0.478,0.597,1.121,1.121,2.357
1715,21.400,0.401,0.321,0.359,0.393,0.430,0.463,0.485,0.696,0.723,2.492
1720,18.000,0.454,0.323,0.378,0.410,0.479,0.655,0.707,0.863,0.863,2.205
1725,19.600,0.397,0.318,0.362,0.391,0.422,0.454,0.495,0.613,0.613,2.519
1730,18.200,0.458,0.333,0.381,0.408,0.485,0.603,0.770,1.027,1.027,2.183
1735,17.000,0.474,0.321,0.378,0.414,0.489,0.715,0.875,1.251,1.251,2.109
1740,20.000,0.395,0.321,0.358,0.390,0.421,0.452,0.489,0.634,0.634,2.531
1745,21.800,0.394,0.300,0.352,0.381,0.428,0.486,0.521,0.532,0.549,2.535
1750,18.800,0.378,0.322,0.350,0.368,0.394,0.414,0.426,0.746,0.746,2.647
1755,17.200,0.401,0.315,0.351,0.377,0.434,0.467,0.515,0.770,0.770,2.493
1760,22.400,0.384,0.307,0.356,0.375,0.406,0.432,0.453,0.496,0.636,2.605
1765,19.000,0.395,0.325,0.352,0.365,0.402,0.468,0.523,0.891,0.891,2.530
1770,21.200,0.383,0.323,0.356,0.375,0.397,0.440,0.467,0.523,0.535,2.612
1775,18.600,0.454,0.332,0.382,0.424,0.472,0.579,0.747,0.922,0.922,2.203
1780,22.000,0.385,0.308,0.354,0.372,0.397,0.454,0.476,0.521,0.703,2.599
1785,20.800,0.410,0.318,0.371,0.392,0.433,0.478,0.505,0.669,0.980,2.441
1790,22.800,0.461,0.325,0.369,0.433,0.494,0.627,0.848,0.931,0.932,2.171
1795,17.800,0.388,0.325,0.362,0.378,0.410,0.440,0.446,0.558,0.558,2.576
1800,16.600,0.412,0.318,0.363,0.388,0.445,0.477,0.552,0.832,0.832,2.426
1805,21.400,0.408,0.317,0.370,0.393,0.425,0.483,0.529,0.608,0.617,2.453
1810,21.200,0.397,0.328,0.361,0.381,0.418,0.471,0.488,0.604,0.641,2.521
1815,20.600,0.443,0.341,0.368,0.410,0.453,0.554,0.665,0.899,1.023,2.258
1820,18.200,0.397,0.295,0.357,0.396,0.421,0.460,0.495,0.516,0.516,2.517
1825,18.600,0.425,0.324,0.380,0.402,0.440,0.483,0.633,0.726,0.726,2.354
1830,16.600,0.398,0.330,0.362,0.387,0.422,0.454,0.495,0.593,0.593,2.513
1835,19.400,0.406,0.323,0.369,0.394,0.428,0.454,0.512,0.846,0.846,2.464
1840,17.800,0.485,0.334,0.394,0.439,0.494,0.705,0.837,0.919,0.919,2.060
1845,20.400,0.412,0.314,0.375,0.402,0.433,0.475,0.497,0.555,0.627,2.430
1850,17.000,0.410,0.339,0.373,0.394,0.433,0.484,0.516,0.699,0.699,2.439
1855,16.400,0.401,0.338,0.363,0.385,0.416,0.441,0.470,0.821,0.821,2.494
1860,23.000,0.383,0.317,0.352,0.373,0.404,0.445,0.468,0.529,0.608,2.611
1865,20.400,0.425,0.308,0.359,0.389,0.422,0.558,0.663,0.948,1.028,2.353
1870,15.000,0.450,0.339,0.393,0.445,0.488,0.532,0.602,0.677,0.677,2.220
1875,19.000,0.396,0.331,0.362,0.382,0.424,0.452,0.476,0.530,0.530,2.527
1880,21.200,0.392,0.315,0.360,0.381,0.417,0.447,0.468,0.513,0.520,2.549
1885,15.000,0.442,0.332,0.366,0.392,0.445,0.593,0.730,1.394,1.394,2.261
1890,18.600,0.415,0.313,0.354,0.384,0.439,0.507,0.623,0.907,0.907,2.411
1895,21.200,0.401,0.312,0.354,0.384,0.419,0.483,0.544,0.644,0.685,2.495
1900,16.600,0.397,0.324,0.368,0.390,0.422,0.450,0.455,0.594,0.594,2.517
1905,22.000,0.395,0.326,0.359,0.382,0.419,0.452,0.472,0.521,0.726,2.531
1910,24.000,0.396,0.325,0.367,0.389,0.418,0.448,0.489,0.551,0.565,2.525
1915,18.600,0.411,0.328,0.364,0.391,0.436,0.509,0.557,0.645,0.645,2.435
1920,22.600,0.400,0.319,0.359,0.383,0.415,0.453,0.552,0.765,0.782,2.500
1925,19.600,0.386,0.318,0.353,0.371,0.409,0.448,0.494,0.572,0.572,2.589
1930,21.600,0.387,0.311,0.351,0.373,0.403,0.462,0.488,0.595,0.746,2.582
1935,21.400,0.398,0.327,0.360,0.386,0.419,0.462,0.490,0.666,0.814,2.511
1940,19.200,0.426,0.324,0.363,0.396,0.458,0.539,0.622,0.837,0.837,2.348
1945,18.000,0.462,0.318,0.371,0.428,0.485,0.654,0.780,1.027,1.027,2.164
1950,22.000,0.382,0.322,0.358,0.374,0.401,0.439,0.454,0.484,0.501,2.619
1955,24.200,0.386,0.325,0.358,0.375,0.411,0.440,0.462,0.497,0.529,2.590
1960,18.400,0.409,0.320,0.361,0.384,0.429,0.497,0.555,0.749,0.749,2.447
1965,23.000,0.401,0.329,0.365,0.388,0.427,0.470,0.529,0.565,0.574,2.495
1970,18.000,0.410,0.320,0.363,0.388,0.430,0.496,0.576,0.686,0.686,2.438
1975,21.400,0.389,0.315,0.360,0.375,0.401,0.444,0.502,0.577,0.607,2.573
1980,15.800,0.419,0.328,0.363,0.386,0.424,0.499,0.769,0.899,0.899,2.385
1985,16.800,0.472,0.339,0.372,0.404,0.475,0.755,0.936,1.377,1.377,2.117
1990,23.800,0.401,0.314,0.349,0.366,0.404,0.465,0.545,1.267,1.361,2.493
1995,18.000,0.471,0.320,0.369,0.424,0.492,0.625,0.828,1.564,1.564,2.121
2000,22.600,0.385,0.325,0.353,0.375,0.402,0.427,0.459,0.548,0.745,2.596
2005,19.600,0.393,0.325,0.356,0.382,0.417,0.456,0.488,0.575,0.575,2.545
2010,19.800,0.417,0.309,0.374,0.403,0.449,0.491,0.515,0.753,0.753,2.398
2015,19.000,0.402,0.329,0.359,0.388,0.438,0.457,0.512,0.713,0.713,2.489
2020,16.800,0.450,0.332,0.374,0.428,0.480,0.568,0.677,0.880,0.880,2.224
2025,18.600,0.476,0.325,0.399,0.450,0.508,0.652,0.751,0.908,0.908,2.101
2030,19.400,0.442,0.322,0.375,0.416,0.473,0.565,0.673,0.752,0.752,2.262
2035,17.400,0.453,0.336,0.373,0.419,0.485,0.561,0.712,0.956,0.956,2.208
2040,19.400,0.426,0.329,0.369,0.394,0.439,0.550,0.642,1.048,1.048,2.350
2045,21.800,0.392,0.315,0.359,0.382,0.411,0.442,0.484,0.541,0.787,2.554
2050,22.200,0.386,0.318,0.355,0.372,0.403,0.445,0.481,0.579,0.611,2.594
2055,22.200,0.389,0.316,0.348,0.367,0.407,0.443,0.461,0.654,1.324,2.573
2060,22.000,0.394,0.315,0.351,0.379,0.422,0.468,0.499,0.559,0.564,2.541
2065,20.400,0.387,0.310,0.347,0.371,0.400,0.438,0.475,0.649,1.165,2.582
2070,20.800,0.432,0.336,0.365,0.391,0.431,0.521,0.757,0.907,1.069,2.314
2075,18.200,0.414,0.324,0.360,0.392,0.446,0.492,0.534,0.877,0.877,2.417
2080,22.200,0.401,0.322,0.364,0.386,0.420,0.464,0.496,0.630,0.761,2.496
2085,18.800,0.401,0.320,0.369,0.395,0.433,0.460,0.483,0.612,0.612,2.491
2090,20.600,0.384,0.315,0.353,0.375,0.403,0.422,0.448,0.740,0.741,2.601
2095,22.400,0.391,0.326,0.362,0.386,0.416,0.441,0.459,0.524,0.531,2.559
2100,24.200,0.391,0.323,0.357,0.377,0.412,0.444,0.472,0.555,0.787,2.561
2105,21.200,0.388,0.329,0.356,0.371,0.406,0.449,0.468,0.562,0.707,2.579
2110,18.600,0.399,0.330,0.360,0.393,0.418,0.461,0.490,0.653,0.653,2.507
2115,23.200,0.395,0.320,0.365,0.385,0.417,0.447,0.473,0.509,0.552,2.534
2120,15.400,0.462,0.333,0.367,0.416,0.474,0.655,0.783,1.171,1.171,2.163
2125,17.600,0.407,0.310,0.362,0.389,0.439,0.510,0.520,0.654,0.654,2.457
2130,22.800,0.389,0.331,0.358,0.374,0.407,0.443,0.485,0.537,0.662,2.571
2135,20.400,0.420,0.330,0.362,0.395,0.464,0.495,0.519,0.814,0.819,2.380
2140,23.200,0.380,0.309,0.353,0.373,0.392,0.434,0.465,0.561,0.576,2.632
2145,26.200,0.397,0.323,0.356,0.386,0.423,0.455,0.493,0.608,0.737,2.521
2150,21.800,0.420,0.328,0.365,0.411,0.451,0.498,0.531,0.708,0.710,2.379
2155,20.400,0.399,0.332,0.364,0.383,0.422,0.465,0.489,0.617,0.638,2.505
2160,19.800,0.402,0.312,0.364,0.381,0.428,0.485,0.532,0.631,0.631,2.490
2165,19.400,0.398,0.324,0.353,0.380,0.407,0.451,0.529,1.299,1.299,2.510
2170,24.200,0.384,0.312,0.353,0.373,0.398,0.433,0.452,0.562,0.701,2.607
2175,25.000,0.394,0.323,0.365,0.386,0.411,0.442,0.481,0.637,0.670,2.537
2180,19.600,0.375,0.283,0.346,0.367,0.400,0.441,0.463,0.496,0.496,2.669
2185,17.000,0.386,0.318,0.355,0.375,0.401,0.445,0.478,0.678,0.678,2.590
2190,21.800,0.400,0.320,0.361,0.382,0.418,0.469,0.569,0.755,0.802,2.499
2195,20.200,0.384,0.324,0.350,0.369,0.404,0.436,0.479,0.632,0.656,2.605
2200,18.800,0.384,0.319,0.352,0.369,0.405,0.457,0.473,0.615,0.615,2.603
2205,21.200,0.408,0.320,0.363,0.392,0.438,0.503,0.539,0.591,0.706,2.453
2210,17.000,0.481,0.336,0.372,0.433,0.516,0.705,0.865,0.952,0.952,2.079
2215,19.400,0.383,0.321,0.353,0.370,0.403,0.432,0.505,0.545,0.545,2.610
2220,18.000,0.392,0.323,0.350,0.372,0.407,0.487,0.518,0.729,0.729,2.549
2225,22.400,0.386,0.316,0.355,0.369,0.395,0.434,0.504,0.602,0.681,2.594
2230,20.000,0.385,0.319,0.349,0.373,0.400,0.430,0.501,0.734,0.734,2.595
2235,16.800,0.465,0.326,0.362,0.436,0.471,0.706,0.816,0.891,0.891,2.150
2240,20.600,0.438,0.319,0.355,0.410,0.472,0.552,0.727,0.883,0.898,2.282
2245,19.800,0.379,0.314,0.345,0.359,0.392,0.431,0.512,0.727,0.727,2.642
2250,19.600,0.433,0.314,0.360,0.401,0.461,0.624,0.666,0.817,0.817,2.309
2255,17.800,0.380,0.322,0.348,0.366,0.394,0.443,0.466,0.553,0.553,2.635
2260,21.800,0.383,0.307,0.350,0.370,0.405,0.445,0.467,0.546,0.659,2.608
2265,18.000,0.383,0.315,0.342,0.372,0.415,0.449,0.462,0.621,0.621,2.614
2270,18.200,0.452,0.312,0.354,0.401,0.481,0.640,0.784,1.348,1.348,2.214
2275,23.600,0.415,0.298,0.349,0.379,0.423,0.558,0.676,0.811,1.200,2.412
2280,23.000,0.390,0.310,0.351,0.379,0.410,0.466,0.503,0.530,0.641,2.561
2285,26.400,0.370,0.304,0.339,0.359,0.394,0.415,0.451,0.550,0.591,2.701
2290,24.200,0.382,0.315,0.348,0.366,0.407,0.441,0.463,0.587,0.598,2.618
2295,20.600,0.388,0.303,0.347,0.370,0.405,0.448,0.463,0.530,1.347,2.580
2300,19.200,0.377,0.310,0.343,0.366,0.398,0.432,0.488,0.674,0.674,2.655
2305,19.800,0.371,0.309,0.339,0.359,0.385,0.418,0.452,0.712,0.712,2.696
2310,19.200,0.385,0.305,0.342,0.372,0.419,0.456,0.486,0.556,0.556,2.599
2315,19.600,0.424,0.312,0.354,0.392,0.457,0.554,0.655,0.775,0.775,2.361
2320,18.800,0.376,0.315,0.349,0.370,0.394,0.423,0.446,0.574,0.574,2.656
2325,19.400,0.407,0.316,0.356,0.385,0.437,0.497,0.566,0.751,0.751,2.458
2330,19.000,0.393,0.315,0.362,0.384,0.408,0.446,0.519,0.645,0.645,2.545
2335,18.800,0.385,0.305,0.349,0.365,0.398,0.440,0.534,0.716,0.716,2.597
2340,17.600,0.419,0.311,0.370,0.420,0.453,0.490,0.513,0.678,0.678,2.384
2345,19.600,0.384,0.316,0.350,0.370,0.394,0.449,0.509,0.751,0.751,2.607
2350,25.600,0.376,0.310,0.347,0.367,0.396,0.418,0.453,0.558,0.586,2.661
2355,19.200,0.425,0.323,0.353,0.376,0.427,0.595,0.750,1.113,1.113,2.352
2360,14.800,0.516,0.315,0.438,0.471,0.558,0.711,0.796,0.939,0.939,1.939
2365,18.400,0.379,0.321,0.343,0.370,0.401,0.433,0.474,0.678,0.678,2.639
2370,22.600,0.380,0.317,0.344,0.363,0.401,0.455,0.481,0.574,0.667,2.631
2375,20.400,0.435,0.311,0.357,0.399,0.468,0.585,0.678,0.894,0.916,2.297
2380,22.600,0.382,0.298,0.347,0.369,0.396,0.455,0.489,0.504,0.599,2.621
2385,17.200,0.390,0.309,0.348,0.375,0.404,0.448,0.560,0.680,0.680,2.566
2390,21.200,0.378,0.318,0.346,0.368,0.398,0.423,0.473,0.543,0.594,2.648
2395,22.600,0.387,0.315,0.343,0.363,0.393,0.455,0.485,0.674,1.319,2.583
2400,24.000,0.371,0.296,0.343,0.359,0.384,0.429,0.454,0.536,0.650,2.698
2405,20.400,0.370,0.305,0.339,0.365,0.389,0.411,0.425,0.478,0.489,2.705
2410,19.200,0.363,0.306,0.340,0.352,0.387,0.407,0.424,0.487,0.487,2.754
2415,18.400,0.380,0.315,0.347,0.361,0.404,0.447,0.506,0.613,0.613,2.633
2420,17.800,0.404,0.308,0.343,0.367,0.427,0.547,0.613,0.812,0.812,2.475
2425,20.000,0.402,0.313,0.353,0.375,0.425,0.473,0.521,1.327,1.327,2.490
2430,21.400,0.381,0.313,0.344,0.364,0.396,0.434,0.459,0.666,0.953,2.622
2435,22.600,0.379,0.292,0.341,0.362,0.399,0.450,0.491,0.637,0.787,2.641
2440,21.600,0.373,0.309,0.341,0.362,0.391,0.430,0.458,0.487,0.648,2.680
2445,22.000,0.374,0.308,0.344,0.364,0.398,0.431,0.458,0.494,0.494,2.677
2450,20.400,0.373,0.306,0.344,0.363,0.393,0.426,0.453,0.549,0.695,2.680
2455,20.600,0.369,0.297,0.338,0.357,0.395,0.420,0.451,0.514,0.541,2.709
2460,23.400,0.373,0.317,0.351,0.364,0.384,0.421,0.451,0.506,0.506,2.681
2465,23.200,0.382,0.298,0.341,0.365,0.410,0.467,0.487,0.576,0.644,2.619
2470,24.200,0.370,0.298,0.338,0.358,0.380,0.419,0.454,0.673,0.775,2.704
2475,18.400,0.416,0.292,0.361,0.405,0.447,0.514,0.585,0.704,0.704,2.405
2480,20.600,0.378,0.323,0.355,0.373,0.389,0.434,0.456,0.467,0.507,2.643
2485,21.800,0.407,0.313,0.358,0.391,0.425,0.529,0.559,0.624,0.674,2.457
2490,19.200,0.463,0.308,0.359,0.403,0.468,0.627,0.847,1.575,1.575,2.158
2495,19.000,0.404,0.316,0.356,0.385,0.426,0.454,0.533,1.298,1.298,2.478
2500,20.600,0.396,0.322,0.356,0.382,0.429,0.475,0.510,0.555,0.577,2.523
2505,21.600,0.396,0.322,0.362,0.380,0.423,0.454,0.488,0.595,0.601,2.524
2510,21.400,0.398,0.315,0.358,0.387,0.428,0.464,0.487,0.552,0.552,2.511
2515,22.400,0.401,0.331,0.362,0.382,0.428,0.461,0.510,0.638,0.891,2.491
2520,18.400,0.395,0.311,0.360,0.381,0.423,0.453,0.539,0.604,0.604,2.529
2525,22.000,0.388,0.327,0.358,0.375,0.402,0.444,0.486,0.589,0.603,2.577
2530,15.600,0.484,0.339,0.376,0.439,0.533,0.705,0.900,0.965,0.965,2.068
2535,15.600,0.425,0.320,0.355,0.398,0.473,0.530,0.655,0.832,0.832,2.352
2540,22.400,0.386,0.324,0.355,0.374,0.401,0.434,0.456,0.628,0.702,2.589
2545,24.600,0.377,0.317,0.348,0.363,0.395,0.428,0.463,0.550,0.611,2.655
2550,15.800,0.519,0.339,0.447,0.476,0.575,0.707,0.843,0.916,0.916,1.927
2555,21.000,0.427,0.319,0.359,0.404,0.460,0.572,0.586,0.750,0.910,2.344
2560,20.200,0.451,0.316,0.369,0.428,0.487,0.584,0.650,0.855,0.913,2.216
2565,26.000,0.390,0.317,0.358,0.379,0.400,0.451,0.514,0.624,0.649,2.561
2570,23.200,0.394,0.325,0.363,0.382,0.417,0.459,0.492,0.533,0.550,2.541
2575,24.000,0.431,0.316,0.358,0.390,0.446,0.579,0.697,0.834,1.266,2.323
2580,21.000,0.394,0.323,0.359,0.382,0.407,0.446,0.481,0.723,0.770,2.535
2585,18.800,0.447,0.336,0.374,0.408,0.458,0.531,0.844,1.034,1.034,2.239
2590,19.600,0.390,0.323,0.356,0.377,0.410,0.460,0.490,0.587,0.587,2.563
2595,25.200,0.389,0.325,0.352,0.371,0.403,0.475,0.524,0.585,0.658,2.568
2600,16.800,0.396,0.320,0.354,0.378,0.428,0.469,0.487,0.699,0.699,2.525
2605,16.200,0.401,0.319,0.367,0.386,0.420,0.461,0.480,0.698,0.698,2.492
2610,20.400,0.391,0.313,0.351,0.373,0.418,0.459,0.501,0.611,0.631,2.559
2615,20.000,0.387,0.306,0.349,0.371,0.411,0.455,0.486,0.614,0.614,2.583
2620,20.000,0.394,0.325,0.364,0.381,0.406,0.444,0.480,0.692,0.692,2.538
2625,19.800,0.407,0.324,0.368,0.394,0.431,0.490,0.545,0.648,0.648,2.460
2630,22.400,0.398,0.335,0.361,0.383,0.425,0.448,0.507,0.554,0.628,2.515
2635,22.600,0.389,0.332,0.360,0.379,0.404,0.446,0.476,0.525,0.546,2.571
2640,17.000,0.422,0.325,0.358,0.380,0.420,0.509,0.757,1.004,1.004,2.371
2645,24.400,0.386,0.311,0.354,0.373,0.408,0.443,0.500,0.541,0.582,2.591
2650,17.800,0.396,0.319,0.362,0.388,0.422,0.458,0.481,0.568,0.568,2.527
2655,22.400,0.384,0.296,0.354,0.377,0.406,0.439,0.476,0.521,0.534,2.601
2660,21.400,0.391,0.326,0.358,0.377,0.413,0.449,0.468,0.518,0.755,2.559
2665,17.800,0.462,0.333,0.365,0.391,0.469,0.736,0.835,1.061,1.061,2.165
2670,18.000,0.425,0.315,0.359,0.384,0.458,0.525,0.642,0.933,0.933,2.355
2675,21.800,0.394,0.327,0.365,0.387,0.414,0.448,0.477,0.534,0.542,2.538
2680,17.400,0.438,0.329,0.380,0.405,0.458,0.546,0.695,0.722,0.722,2.284
2685,16.800,0.444,0.329,0.370,0.404,0.474,0.625,0.650,1.182,1.182,2.252
2690,16.400,0.410,0.327,0.369,0.387,0.428,0.462,0.510,1.312,1.312,2.440
2695,22.600,0.400,0.319,0.358,0.380,0.419,0.472,0.502,0.724,0.739,2.503
2700,17.000,0.408,0.325,0.360,0.387,0.429,0.475,0.492,1.021,1.021,2.454
2705,22.600,0.406,0.330,0.369,0.387,0.420,0.467,0.500,0.736,0.810,2.461
2710,16.000,0.398,0.318,0.365,0.386,0.413,0.466,0.505,0.577,0.577,2.515
2715,16.000,0.451,0.323,0.374,0.400,0.469,0.720,0.821,0.987,0.987,2.216
2720,18.400,0.476,0.322,0.380,0.415,0.499,0.661,0.884,1.042,1.042,2.103
2725,19.800,0.436,0.349,0.379,0.407,0.459,0.534,0.588,0.903,0.903,2.294
2730,20.400,0.445,0.320,0.376,0.404,0.453,0.528,0.766,0.850,1.235,2.250
2735,18.600,0.405,0.320,0.360,0.380,0.426,0.508,0.530,0.762,0.762,2.466
2740,20.600,0.378,0.329,0.354,0.371,0.392,0.421,0.444,0.462,0.617,2.643
2745,19.800,0.409,0.306,0.353,0.384,0.418,0.499,0.621,0.914,0.914,2.447
2750,18.400,0.427,0.321,0.368,0.403,0.452,0.523,0.621,0.873,0.873,2.342
2755,18.000,0.390,0.325,0.359,0.382,0.410,0.444,0.483,0.550,0.550,2.564
2760,24.800,0.403,0.330,0.364,0.383,0.421,0.467,0.498,0.648,0.754,2.481
2765,21.400,0.377,0.318,0.349,0.368,0.399,0.438,0.452,0.466,0.499,2.656
2770,20.800,0.389,0.317,0.355,0.373,0.403,0.460,0.506,0.550,0.731,2.572
2775,25.200,0.384,0.321,0.353,0.375,0.403,0.449,0.503,0.539,0.555,2.602
2780,19.200,0.394,0.309,0.353,0.377,0.423,0.457,0.524,0.680,0.680,2.538
2785,22.000,0.377,0.317,0.351,0.369,0.402,0.432,0.443,0.475,0.586,2.649
2790,20.600,0.380,0.325,0.351,0.373,0.393,0.433,0.469,0.501,0.585,2.634
2795,20.800,0.445,0.325,0.354,0.384,0.476,0.710,0.754,0.875,0.911,2.250
2800,19.000,0.389,0.313,0.351,0.376,0.402,0.469,0.506,0.624,0.624,2.573
2805,19.000,0.391,0.313,0.346,0.372,0.427,0.467,0.488,0.599,0.599,2.560
2810,20.600,0.400,0.314,0.336,0.357,0.395,0.451,0.774,0.934,0.971,2.502
2815,20.800,0.365,0.311,0.341,0.357,0.380,0.416,0.441,0.494,0.499,2.737
2820,20.800,0.444,0.313,0.353,0.390,0.476,0.676,0.808,0.854,0.914,2.252
2825,22.600,0.376,0.314,0.342,0.367,0.396,0.434,0.491,0.513,0.517,2.657
2830,23.800,0.379,0.318,0.345,0.365,0.386,0.434,0.491,0.578,0.742,2.640
2835,21.800,0.372,0.317,0.347,0.360,0.377,0.421,0.436,0.602,0.668,2.690
2840,24.600,0.373,0.305,0.342,0.365,0.393,0.436,0.460,0.489,0.528,2.680
2845,23.200,0.370,0.302,0.347,0.365,0.386,0.417,0.447,0.508,0.541,2.701
2850,24.200,0.370,0.314,0.342,0.358,0.385,0.423,0.431,0.497,0.651,2.700
2855,21.200,0.391,0.323,0.353,0.379,0.410,0.447,0.471,0.582,0.706,2.557
2860,20.200,0.382,0.331,0.353,0.375,0.400,0.424,0.458,0.478,0.667,2.617
2865,20.000,0.386,0.321,0.354,0.380,0.406,0.439,0.463,0.673,0.673,2.589
2870,18.600,0.395,0.313,0.352,0.373,0.419,0.476,0.529,0.659,0.659,2.534
2875,21.000,0.416,0.318,0.353,0.385,0.460,0.501,0.520,0.716,1.326,2.403
2880,21.600,0.387,0.311,0.356,0.375,0.408,0.447,0.478,0.528,0.664,2.587
2885,19.600,0.383,0.311,0.353,0.364,0.390,0.450,0.515,0.582,0.582,2.613
2890,19.400,0.387,0.318,0.349,0.368,0.398,0.420,0.445,1.291,1.291,2.587
2895,22.600,0.378,0.319,0.352,0.370,0.396,0.418,0.461,0.499,0.551,2.645
2900,18.000,0.393,0.324,0.361,0.384,0.412,0.447,0.469,0.712,0.712,2.541
2905,25.000,0.379,0.315,0.354,0.371,0.398,0.420,0.446,0.497,0.742,2.636
2910,19.000,0.393,0.309,0.361,0.379,0.406,0.444,0.457,0.712,0.712,2.545
2915,22.200,0.385,0.323,0.343,0.367,0.399,0.441,0.465,0.538,1.243,2.597
2920,17.200,0.390,0.324,0.357,0.375,0.415,0.443,0.462,0.742,0.742,2.564
2925,22.000,0.402,0.334,0.364,0.393,0.425,0.464,0.478,0.558,0.690,2.487
2930,19.200,0.384,0.321,0.353,0.374,0.414,0.447,0.453,0.533,0.533,2.604
2935,21.400,0.391,0.325,0.356,0.386,0.413,0.450,0.466,0.526,0.622,2.554
2940,19.200,0.407,0.318,0.369,0.393,0.425,0.466,0.536,0.707,0.707,2.456
2945,21.400,0.423,0.309,0.372,0.399,0.454,0.512,0.562,0.759,0.790,2.363
2950,19.000,0.402,0.330,0.371,0.399,0.417,0.448,0.458,0.701,0.701,2.491
2955,22.000,0.415,0.348,0.384,0.408,0.441,0.477,0.489,0.527,0.531,2.408
2960,23.400,0.416,0.323,0.372,0.393,0.430,0.491,0.586,0.675,0.853,2.406
2965,12.800,0.481,0.348,0.398,0.431,0.492,0.688,0.836,0.951,0.951,2.079
2970,21.200,0.410,0.338,0.365,0.396,0.433,0.465,0.506,0.694,0.783,2.437
2975,19.800,0.419,0.331,0.378,0.410,0.444,0.488,0.522,0.670,0.670,2.389
2980,22.800,0.416,0.327,0.374,0.400,0.426,0.470,0.504,0.627,1.325,2.404
2985,20.600,0.443,0.341,0.398,0.434,0.480,0.523,0.543,0.578,0.823,2.255
2990,17.200,0.407,0.322,0.382,0.403,0.423,0.460,0.474,0.509,0.509,2.459
2995,20.000,0.411,0.330,0.374,0.401,0.434,0.455,0.495,0.937,0.937,2.433
3000,19.000,0.447,0.344,0.391,0.418,0.464,0.536,0.671,0.957,0.957,2.236
3005,20.600,0.414,0.343,0.379,0.400,0.433,0.475,0.538,0.570,0.590,2.415
3010,20.800,0.407,0.307,0.376,0.394,0.426,0.480,0.511,0.623,0.713,2.458
3015,19.400,0.428,0.325,0.382,0.410,0.449,0.497,0.540,0.905,0.905,2.339
3020,16.600,0.411,0.347,0.369,0.397,0.429,0.474,0.486,0.970,0.970,2.436
3025,21.800,0.392,0.324,0.364,0.384,0.414,0.443,0.461,0.503,0.671,2.549
3030,20.000,0.418,0.320,0.370,0.395,0.430,0.539,0.573,0.847,0.847,2.391
3035,22.000,0.414,0.335,0.383,0.401,0.430,0.480,0.532,0.612,0.662,2.413
3040,21.400,0.421,0.342,0.384,0.407,0.438,0.488,0.529,0.659,0.724,2.375
3045,18.200,0.437,0.335,0.384,0.404,0.447,0.549,0.629,0.932,0.932,2.286
3050,21.600,0.396,0.329,0.366,0.384,0.409,0.449,0.488,0.609,0.795,2.526
3055,21.400,0.389,0.327,0.363,0.390,0.407,0.433,0.449,0.520,0.539,2.572
3060,19.800,0.402,0.325,0.364,0.389,0.426,0.460,0.494,0.763,0.763,2.487
3065,22.400,0.396,0.331,0.361,0.385,0.417,0.462,0.498,0.647,0.731,2.523
3070,20.400,0.444,0.333,0.369,0.397,0.471,0.541,0.803,0.899,0.944,2.251
3075,18.400,0.406,0.315,0.366,0.386,0.418,0.475,0.525,0.739,0.739,2.465
3080,17.600,0.467,0.334,0.376,0.406,0.492,0.664,0.855,1.019,1.019,2.140
3085,18.000,0.473,0.334,0.380,0.428,0.499,0.734,0.836,0.986,0.986,2.115
3090,21.400,0.406,0.340,0.373,0.391,0.422,0.484,0.498,0.574,0.721,2.462
3095,19.800,0.405,0.317,0.362,0.386,0.416,0.483,0.606,0.722,0.722,2.471
3100,15.400,0.471,0.343,0.388,0.441,0.494,0.669,0.835,0.962,0.962,2.122
3105,22.600,0.422,0.328,0.388,0.413,0.448,0.476,0.513,0.564,0.684,2.369
3110,20.200,0.435,0.333,0.367,0.403,0.465,0.530,0.645,0.760,0.828,2.301
3115,23.400,0.391,0.327,0.360,0.382,0.413,0.441,0.479,0.540,0.586,2.556
3120,18.400,0.396,0.321,0.360,0.384,0.417,0.445,0.500,0.662,0.662,2.525
3125,17.600,0.396,0.337,0.360,0.381,0.428,0.460,0.482,0.569,0.569,2.526
3130,24.000,0.400,0.331,0.370,0.387,0.417,0.473,0.493,0.573,0.729,2.497
3135,22.000,0.397,0.331,0.370,0.392,0.418,0.441,0.463,0.505,0.704,2.522
3140,19.400,0.436,0.324,0.370,0.400,0.445,0.521,0.776,1.327,1.327,2.295
3145,20.200,0.434,0.335,0.378,0.396,0.427,0.520,0.586,0.983,1.228,2.304
3150,19.400,0.438,0.330,0.378,0.413,0.469,0.570,0.617,0.835,0.835,2.281
3155,25.800,0.385,0.316,0.359,0.376,0.400,0.437,0.457,0.504,0.558,2.599
3160,19.600,0.414,0.331,0.362,0.393,0.450,0.500,0.563,0.639,0.639,2.417
3165,17.600,0.423,0.331,0.384,0.407,0.451,0.495,0.538,0.658,0.658,2.367
3170,22.600,0.429,0.320,0.367,0.394,0.439,0.535,0.591,0.918,1.286,2.331
3175,21.800,0.384,0.321,0.351,0.374,0.400,0.449,0.472,0.548,0.675,2.601
3180,19.800,0.385,0.304,0.357,0.374,0.390,0.450,0.508,0.692,0.692,2.595
3185,17.800,0.407,0.329,0.353,0.380,0.428,0.522,0.582,0.707,0.707,2.454
3190,22.000,0.411,0.321,0.359,0.392,0.448,0.491,0.516,0.777,0.805,2.435
3195,21.400,0.388,0.322,0.368,0.379,0.403,0.432,0.457,0.489,0.707,2.579
3200,20.400,0.387,0.316,0.360,0.381,0.409,0.440,0.460,0.487,0.580,2.582
3205,22.800,0.378,0.314,0.350,0.371,0.402,0.420,0.456,0.465,0.493,2.647
3210,18.400,0.386,0.317,0.356,0.377,0.397,0.422,0.506,0.691,0.691,2.591
3215,21.000,0.401,0.327,0.364,0.391,0.423,0.464,0.486,0.669,0.673,2.492
3220,18.800,0.431,0.326,0.365,0.386,0.422,0.676,0.720,0.789,0.789,2.320
3225,19.800,0.419,0.315,0.362,0.385,0.420,0.507,0.740,0.894,0.894,2.385
3230,16.600,0.423,0.332,0.364,0.401,0.466,0.508,0.538,0.671,0.671,2.364
3235,19.400,0.406,0.321,0.354,0.373,0.409,0.507,0.624,0.921,0.921,2.466
3240,19.000,0.373,0.309,0.341,0.361,0.392,0.428,0.468,0.519,0.519,2.684
3245,22.200,0.369,0.292,0.338,0.356,0.382,0.420,0.461,0.524,0.737,2.710
3250,26.000,0.375,0.307,0.345,0.362,0.391,0.432,0.485,0.523,0.740,2.664
3255,20.600,0.391,0.319,0.349,0.372,0.407,0.481,0.511,0.562,0.666,2.557
3260,20.400,0.432,0.312,0.359,0.408,0.465,0.565,0.621,0.691,0.854,2.317
3265,20.800,0.394,0.316,0.351,0.377,0.411,0.479,0.507,0.635,0.752,2.540
3270,17.200,0.453,0.321,0.356,0.406,0.499,0.610,0.627,1.279,1.279,2.208
3275,20.400,0.375,0.312,0.345,0.365,0.388,0.429,0.475,0.579,0.607,2.664
3280,20.400,0.477,0.313,0.379,0.427,0.526,0.747,0.789,0.885,0.940,2.097
3285,23.600,0.390,0.312,0.352,0.381,0.409,0.442,0.491,0.655,0.679,2.562
3290,18.600,0.418,0.304,0.355,0.396,0.446,0.498,0.573,1.128,1.128,2.391
3295,25.400,0.384,0.307,0.352,0.370,0.398,0.428,0.475,0.675,0.997,2.602
3300,16.800,0.379,0.317,0.345,0.370,0.397,0.431,0.453,0.670,0.670,2.641
3305,21.800,0.373,0.320,0.342,0.362,0.395,0.438,0.461,0.474,0.637,2.679
3310,19.800,0.405,0.297,0.364,0.382,0.439,0.479,0.526,0.658,0.658,2.471
3315,22.400,0.384,0.312,0.351,0.374,0.396,0.437,0.490,0.654,0.754,2.606
3320,19.400,0.388,0.308,0.357,0.382,0.407,0.431,0.472,0.658,0.658,2.575
3325,20.800,0.400,0.319,0.361,0.390,0.420,0.469,0.525,0.647,0.671,2.501
3330,20.400,0.390,0.321,0.363,0.386,0.410,0.446,0.455,0.478,0.486,2.562
3335,16.800,0.404,0.321,0.362,0.394,0.426,0.489,0.525,0.639,0.639,2.474
3340,19.200,0.389,0.306,0.351,0.373,0.415,0.449,0.507,0.807,0.807,2.571
3345,22.400,0.415,0.332,0.367,0.390,0.436,0.496,0.561,0.733,0.745,2.411
3350,25.600,0.396,0.313,0.361,0.382,0.416,0.485,0.502,0.562,0.668,2.524
3355,17.600,0.385,0.320,0.356,0.379,0.409,0.442,0.458,0.602,0.602,2.596
3360,22.400,0.393,0.310,0.352,0.382,0.418,0.460,0.518,0.562,0.587,2.542
3365,22.600,0.386,0.311,0.361,0.376,0.404,0.441,0.464,0.511,0.714,2.588
3370,18.600,0.414,0.324,0.363,0.394,0.431,0.466,0.524,1.384,1.384,2.414
3375,17.000,0.413,0.339,0.374,0.403,0.438,0.475,0.502,0.729,0.729,2.421
3380,22.200,0.396,0.313,0.366,0.385,0.413,0.457,0.502,0.541,0.557,2.522
3385,15.400,0.403,0.334,0.372,0.394,0.417,0.473,0.505,0.550,0.550,2.479
3390,20.200,0.417,0.339,0.374,0.398,0.435,0.477,0.507,0.721,1.016,2.398
3395,19.600,0.411,0.327,0.375,0.391,0.422,0.490,0.560,0.783,0.783,2.432
3400,18.000,0.406,0.335,0.373,0.395,0.428,0.469,0.501,0.613,0.613,2.464
3405,21.000,0.428,0.330,0.378,0.416,0.449,0.505,0.564,0.785,0.827,2.337
3410,18.600,0.463,0.336,0.370,0.419,0.493,0.668,0.831,0.923,0.923,2.158
3415,17.000,0.484,0.295,0.389,0.447,0.519,0.661,0.794,1.100,1.100,2.066
3420,21.400,0.383,0.310,0.355,0.372,0.406,0.440,0.466,0.474,0.513,2.610
3425,19.200,0.415,0.321,0.371,0.404,0.440,0.487,0.527,0.791,0.791,2.412
3430,23.200,0.400,0.325,0.363,0.390,0.421,0.443,0.504,0.651,0.782,2.502
3435,21.600,0.388,0.317,0.360,0.377,0.401,0.445,0.472,0.570,0.595,2.578
3440,18.200,0.392,0.328,0.359,0.377,0.408,0.444,0.487,0.636,0.636,2.551
3445,18.600,0.402,0.307,0.369,0.388,0.432,0.471,0.499,0.606,0.606,2.485
3450,21.200,0.387,0.326,0.364,0.381,0.407,0.428,0.440,0.532,0.562,2.586
3455,16.400,0.418,0.329,0.365,0.396,0.429,0.486,0.532,1.291,1.291,2.390
3460,25.000,0.408,0.337,0.378,0.404,0.432,0.464,0.492,0.514,0.533,2.452
3465,18.600,0.425,0.329,0.377,0.407,0.445,0.503,0.565,0.873,0.873,2.355
3470,19.600,0.386,0.322,0.356,0.372,0.395,0.435,0.500,0.636,0.636,2.593
3475,20.000,0.383,0.320,0.361,0.374,0.405,0.439,0.456,0.526,0.526,2.608
3480,20.600,0.392,0.320,0.357,0.379,0.405,0.449,0.478,0.599,0.822,2.550
3485,20.400,0.398,0.324,0.362,0.387,0.419,0.462,0.507,0.600,0.653,2.511
3490,18.600,0.446,0.337,0.371,0.401,0.475,0.573,0.709,1.078,1.078,2.242
3495,21.200,0.433,0.330,0.370,0.394,0.439,0.517,0.695,0.835,1.319,2.312
3500,18.600,0.430,0.328,0.365,0.394,0.438,0.514,0.567,1.341,1.341,2.324
3505,18.800,0.395,0.337,0.363,0.383,0.414,0.436,0.468,0.728,0.728,2.531
3510,19.600,0.389,0.282,0.364,0.378,0.403,0.444,0.493,0.582,0.582,2.570
3515,20.400,0.425,0.323,0.366,0.403,0.460,0.530,0.576,0.779,0.788,2.352
3520,16.800,0.438,0.318,0.357,0.392,0.465,0.625,0.657,1.039,1.039,2.285
3525,17.800,0.402,0.326,0.362,0.389,0.430,0.464,0.542,0.628,0.628,2.490
3530,21.000,0.384,0.323,0.357,0.371,0.396,0.430,0.441,0.629,0.658,2.601
3535,22.800,0.404,0.322,0.352,0.380,0.418,0.471,0.578,0.832,0.912,2.477
3540,21.600,0.396,0.320,0.360,0.377,0.422,0.469,0.489,0.573,0.806,2.526
3545,19.400,0.394,0.321,0.359,0.380,0.407,0.482,0.520,0.620,0.620,2.541
3550,19.600,0.393,0.332,0.364,0.383,0.414,0.457,0.466,0.555,0.555,2.544
3555,20.800,0.395,0.324,0.360,0.380,0.409,0.448,0.522,0.624,0.675,2.532
3560,19.000,0.402,0.319,0.367,0.384,0.423,0.457,0.491,0.831,0.831,2.486
3565,18.800,0.412,0.322,0.371,0.390,0.435,0.482,0.547,0.758,0.758,2.425
3570,17.400,0.405,0.330,0.368,0.392,0.429,0.474,0.489,0.775,0.775,2.470
3575,19.000,0.393,0.330,0.364,0.381,0.408,0.451,0.485,0.647,0.647,2.545
3580,23.000,0.428,0.318,0.362,0.387,0.418,0.460,0.517,0.575,4.176,2.335
3585,16.800,0.414,0.324,0.373,0.393,0.430,0.509,0.542,0.725,0.725,2.414
3590,13.800,0.434,0.330,0.371,0.389,0.437,0.511,0.867,0.928,0.928,2.304
3595,21.600,0.388,0.321,0.352,0.375,0.409,0.471,0.488,0.538,0.640,2.575
